mentor_name,original_repository,game_url
さとたい,https://github.com/LeadersUnity/original-satotai,https://unityroom.com/games/gametheory_in_action
やまぴー,https://github.com/LeadersUnity/original-yamapi-,https://unityroom.com/games/yamapi12345
ジャック,https://github.com/LeadersUnity/original-Jack,https://unityroom.com/games/gravity_cat
さっきー,https://github.com/LeadersUnity/original-sakki-,https://unityroom.com/games/dimentonshift
せる,https://github.com/LeadersUnity/Original-cell,https://unityroom.com/games/momotaro_4159
やまゆ,https://github.com/LeadersUnity/original_yamayu,https://github.com/LeadersUnity/original_yamayu/releases
しもでぃ,https://github.com/LeadersUnity/original-shimodii,https://unityroom.com/games/originalgame_shimodii
とらっきー,https://github.com/LeadersUnity/original-torakki-,https://unityroom.com/games/torakki-baseball
カーリー,https://github.com/LeadersUnity/original-carly,https://unityroom.com/games/disedash
しば,https://github.com/LeadersUnity/original_shiba,https://unityroom.com/games/shiba1
ごごてぃー,https://github.com/LeadersUnity/orizinal_gogothi-,https://unityroom.com/games/gogothi-games
てふ,https://github.com/LeadersUnity/original-tefu,https://github.com/LeadersUnity/original-tefu/releases
やくお,https://github.com/LeadersUnity/original-yakuo,https://unityroom.com/games/shadowrunnner890
マックス,https://github.com/LeadersUnity/Original-Max1,https://unityroom.com/games/shunnosukekameda
よしひこ,https://github.com/LeadersUnity/Original-yoshihiko,https://unityroom.com/games/what-a-shot1203t
でんたく,https://github.com/LeadersUnity/original2-dentaku,https://unityroom.com/games/fumanyai-de
たーとる,https://github.com/LeadersUnity/original_ta-toru,https://unityroom.com/games/haitatsu_615
いぬりょう,https://github.com/LeadersUnity/original-inuryo,https://unityroom.com/games/glichcore
ようきん,https://github.com/LeadersUnity/original-youkin,https://unityroom.com/games/bokunonikki
にこる,https://github.com/LeadersUnity/original-nikoru,https://unityroom.com/games/koin-no-kuni-no-alice
ななぴ,https://github.com/LeadersUnity/original-nanapi,https://unityroom.com/games/tukamaekko
ぺんぎん,https://github.com/LeadersUnity/original-penguin,https://unityroom.com/games/majangmonster
へぶん,https://github.com/LeadersUnity/original-heaven,https://unityroom.com/games/boomtect
ねぎ,https://github.com/LeadersUnity/original-negi,https://unityroom.com/games/library-part-time
ばんじー,https://github.com/LeadersUnity/original-banji-,https://unityroom.com/games/mazeoftime
なち,https://github.com/LeadersUnity/orginal-nachi,https://unityroom.com/games/my_museum
らいらい,https://github.com/LeadersUnity/original_rairai,https://unityroom.com/games/saunasentou
けいてぃ,https://github.com/LeadersUnity/original-keity,https://unityroom.com/games/fivesecondsalpha
もりりん,https://github.com/LeadersUnity/original-moririn,https://unityroom.com/games/moririn
ヒマスター,https://github.com/LeadersUnity/original-himastar,https://unityroom.com/games/232589355ee
そそ,https://github.com/LeadersUnity/Original-soso,https://unityroom.com/games/kesitoba
ひさーめ,https://github.com/LeadersUnity/original-hisame,https://unityroom.com/games/mizutamarium
ぴんしー,https://github.com/LeadersUnity/original-pinshy,https://unityroom.com/games/stoling_crystal
えむたに,https://github.com/LeadersUnity/original-emutani,https://unityroom.com/games/hakaishin
ヤンキース,https://github.com/LeadersUnity/original-yankees,https://unityroom.com/games/sns_cleanup
まるまる,https://github.com/LeadersUnity/original-marumaru,https://unityroom.com/games/hall-master
ロバート,https://github.com/LeadersUnity/original_robert,https://unityroom.com/games/silentstroke
